City_ID,City,Country,Date,Lat,Lng,Max Temp,Humidity,Cloudiness,Wind Speed
0,Coquimbo,CL,2021-01-17 01:29:38,-29.9533,-71.3436,59.0,88,0,8.05
1,Ushuaia,AR,2021-01-17 01:30:21,-54.8,-68.3,50.0,93,75,23.02
2,Cherskiy,RU,2021-01-17 01:31:24,68.75,161.3,-21.96,87,100,3.22
3,Cidreira,BR,2021-01-17 01:31:20,-30.1811,-50.2056,73.58,91,100,12.15
4,Barrow,US,2021-01-17 01:31:25,71.2906,-156.7887,-0.4,78,90,19.57
5,Albany,US,2021-01-17 01:29:12,42.6001,-73.9662,37.0,69,100,1.01
6,Aksu,CN,2021-01-17 01:31:25,41.1231,80.2644,10.18,87,0,2.06
7,Fare,PF,2021-01-17 01:31:25,-16.7,-151.0167,81.72,75,0,11.74
8,Vaini,TO,2021-01-17 01:31:25,-21.2,-175.2,87.8,79,75,11.5
9,Clyde River,CA,2021-01-17 01:31:25,70.4692,-68.5914,3.2,85,90,25.32
10,Hobart,AU,2021-01-17 01:31:25,-42.8794,147.3294,62.6,45,75,23.02
11,Jaciara,BR,2021-01-17 01:31:25,-15.9653,-54.9683,72.9,94,100,3.71
12,Abha,SA,2021-01-17 01:31:25,18.2164,42.5053,51.8,76,0,6.91
13,Castro,BR,2021-01-17 01:31:25,-24.7911,-50.0119,65.86,96,100,5.19
14,Mahebourg,MU,2021-01-17 01:31:25,-20.4081,57.7,78.8,83,40,10.36
15,Portland,US,2021-01-17 01:31:14,45.5234,-122.6762,46.99,86,100,1.99
16,Port Elizabeth,ZA,2021-01-17 01:31:25,-33.918,25.5701,68.0,77,0,14.97
17,Qaanaaq,GL,2021-01-17 01:31:25,77.484,-69.3632,4.17,82,30,5.08
18,Milkovo,RU,2021-01-17 01:31:26,54.7167,158.6167,3.65,92,100,6.02
19,Punta Arenas,CL,2021-01-17 01:30:32,-53.15,-70.9167,51.8,82,75,11.5
20,Kapaa,US,2021-01-17 01:31:26,22.0752,-159.319,79.0,73,20,8.05
21,Aleksandrov Gay,RU,2021-01-17 01:31:26,50.147,48.5704,4.75,94,3,9.62
22,Saldanha,ZA,2021-01-17 01:31:26,-33.0117,17.9442,60.8,88,0,2.3
23,Bluff,NZ,2021-01-17 01:31:26,-46.6,168.3333,58.48,81,100,15.68
24,Northam,GB,2021-01-17 01:31:26,51.0333,-4.2167,46.0,79,99,15.01
25,Raga,SS,2021-01-17 01:31:26,8.4596,25.678,63.23,29,100,2.48
26,Camopi,GF,2021-01-17 01:31:26,3.1655,-52.3158,71.8,98,100,1.72
27,Balkhash,KZ,2021-01-17 01:31:26,46.844,74.9804,5.0,78,0,11.18
28,Mataura,NZ,2021-01-17 01:31:26,-46.1927,168.8643,61.54,73,96,4.97
29,Busselton,AU,2021-01-17 01:31:26,-33.65,115.3333,75.0,47,0,5.99
30,Faanui,PF,2021-01-17 01:31:26,-16.4833,-151.75,81.79,75,0,11.68
31,Atuona,PF,2021-01-17 01:31:26,-9.8,-139.0333,77.49,76,1,13.87
32,Borogontsy,RU,2021-01-17 01:31:27,62.6683,131.1683,-39.55,80,100,3.36
33,Tuktoyaktuk,CA,2021-01-17 01:31:27,69.4541,-133.0374,-0.4,78,90,6.91
34,Labuhan,ID,2021-01-17 01:31:27,-6.8844,112.2051,82.24,77,100,7.54
35,Hasaki,JP,2021-01-17 01:31:27,35.7333,140.8333,43.0,52,75,10.36
36,Port Alfred,ZA,2021-01-17 01:31:27,-33.5906,26.891,64.0,93,39,1.01
37,Millinocket,US,2021-01-17 01:31:27,45.6573,-68.7098,33.8,93,90,10.36
38,Georgetown,MY,2021-01-17 01:31:27,5.4112,100.3354,81.0,83,20,2.3
39,Datia,IN,2021-01-17 01:31:27,25.6667,78.4667,48.33,63,0,4.43
40,Avarua,CK,2021-01-17 01:31:27,-21.2078,-159.775,86.0,70,75,8.05
41,Pierre,US,2021-01-17 01:31:27,44.3683,-100.351,37.4,52,90,10.36
42,Havoysund,NO,2021-01-17 01:31:27,70.9963,24.6622,35.6,93,75,9.22
43,Butaritari,KI,2021-01-17 01:31:27,3.0707,172.7902,81.18,74,73,19.17
44,Saint George,US,2021-01-17 01:31:23,37.1041,-113.5841,57.2,28,1,9.22
45,Vardo,NO,2021-01-17 01:27:50,70.3705,31.1107,34.86,86,100,20.2
46,Elko,US,2021-01-17 01:31:27,41.0002,-115.5012,42.8,52,1,1.32
47,Ponta Do Sol,PT,2021-01-17 01:31:27,32.6667,-17.1,55.0,64,41,1.01
48,Hami,CN,2021-01-17 01:31:28,42.8,93.45,14.94,69,0,1.36
49,Osa,RU,2021-01-17 01:31:28,57.2829,55.4567,11.48,95,100,8.88
50,Kenai,US,2021-01-17 01:31:28,60.5544,-151.2583,35.6,64,20,26.46
51,Jamestown,US,2021-01-17 01:31:28,42.097,-79.2353,30.99,86,90,17.27
52,Gosainganj,IN,2021-01-17 01:31:28,26.5833,82.3833,49.71,70,0,3.83
53,Raduzhnyy,RU,2021-01-17 01:31:28,62.0961,77.475,6.67,94,100,9.93
54,Dalvik,IS,2021-01-17 01:31:28,65.9702,-18.5286,32.0,100,0,2.3
55,Rikitea,PF,2021-01-17 01:31:28,-23.1203,-134.9692,79.11,68,49,7.27
56,San Cristobal,VE,2021-01-17 01:31:28,7.7669,-72.225,80.6,69,20,2.3
57,Hilo,US,2021-01-17 01:31:28,19.7297,-155.09,80.6,54,20,11.5
58,Hithadhoo,MV,2021-01-17 01:31:28,-0.6,73.0833,81.03,75,100,12.28
59,Constitucion,CL,2021-01-17 01:31:29,-35.3333,-72.4167,58.89,71,0,13.29
60,Yangambi,CD,2021-01-17 01:31:29,0.8102,24.4336,70.38,92,81,1.36
61,Husavik,IS,2021-01-17 01:31:29,66.0449,-17.3389,32.0,100,0,2.3
62,Luderitz,NA,2021-01-17 01:31:29,-26.6481,15.1594,62.74,76,0,10.69
63,Bannu,PK,2021-01-17 01:30:43,32.9854,70.6027,46.96,44,0,0.96
64,Mandalgovi,MN,2021-01-17 01:31:29,45.7625,106.2708,1.53,79,39,8.7
65,Mar Del Plata,AR,2021-01-17 01:28:27,-38.0023,-57.5575,64.99,77,90,6.91
66,Ngunguru,NZ,2021-01-17 01:31:29,-35.6167,174.5,78.01,69,100,13.0
67,Ancud,CL,2021-01-17 01:31:29,-41.8697,-73.8203,55.99,82,75,3.44
68,Ilulissat,GL,2021-01-17 01:31:29,69.2167,-51.1,15.8,45,4,4.61
69,Victoria,HK,2021-01-17 01:30:32,22.2855,114.1577,60.01,57,55,1.01
70,Samarai,PG,2021-01-17 01:31:29,-10.6167,150.6667,85.93,72,100,18.9
71,Puerto Ayora,EC,2021-01-17 01:31:29,-0.7393,-90.3518,75.0,93,68,1.99
72,Goderich,CA,2021-01-17 01:31:29,43.7501,-81.7165,32.0,86,100,10.36
73,Sao Gabriel Da Cachoeira,BR,2021-01-17 01:31:29,-0.1303,-67.0892,74.03,96,39,0.16
74,Khani,GE,2021-01-17 01:31:29,41.9563,42.9566,51.8,54,90,25.32
75,Hermanus,ZA,2021-01-17 01:31:29,-34.4187,19.2345,61.0,89,0,5.46
76,Kavieng,PG,2021-01-17 01:31:30,-2.5744,150.7967,84.85,72,19,18.32
77,Maumere,ID,2021-01-17 01:31:30,-8.6199,122.2111,83.59,71,66,1.05
78,Namatanai,PG,2021-01-17 01:31:30,-3.6667,152.4333,85.35,68,81,12.95
79,Saint-Philippe,RE,2021-01-17 01:31:30,-21.3585,55.7679,77.0,78,0,5.75
80,Mehamn,NO,2021-01-17 01:31:30,71.0357,27.8492,34.79,87,96,14.16
81,Bathsheba,BB,2021-01-17 01:31:30,13.2167,-59.5167,78.8,69,20,16.11
82,Luba,GQ,2021-01-17 01:31:30,3.4568,8.5547,75.2,88,20,6.91
83,Marawi,PH,2021-01-17 01:31:30,7.9986,124.2928,79.0,88,100,3.49
84,Leningradskiy,RU,2021-01-17 01:31:30,69.3833,178.4167,-20.99,86,100,3.11
85,Severnoye,RU,2021-01-17 01:31:30,56.3491,78.3619,5.34,93,100,10.94
86,Cape Town,ZA,2021-01-17 01:29:59,-33.9258,18.4232,64.99,88,0,6.91
87,Beloha,MG,2021-01-17 01:31:30,-25.1667,45.05,75.07,73,68,3.24
88,Linxia,CN,2021-01-17 01:31:30,35.6003,103.2064,18.82,83,0,1.5
89,Mirabad,AF,2021-01-17 01:31:30,30.4362,61.8383,41.25,58,0,2.46
90,Post Falls,US,2021-01-17 01:31:31,47.718,-116.9516,37.0,80,90,9.22
91,Sangar,RU,2021-01-17 01:31:31,63.9242,127.4739,-37.53,81,100,3.29
92,Karratha,AU,2021-01-17 01:31:31,-20.7377,116.8463,100.58,27,97,15.79
93,Khatanga,RU,2021-01-17 01:31:31,71.9667,102.5,-25.74,84,0,7.65
94,Mashhad,IR,2021-01-17 01:27:19,36.297,59.6062,35.6,64,0,4.61
95,Thompson,CA,2021-01-17 01:29:18,55.7435,-97.8558,6.8,78,90,20.71
96,Nikolskoye,RU,2021-01-17 01:31:31,59.7035,30.7861,12.2,85,90,8.95
97,Longyearbyen,SJ,2021-01-17 01:31:31,78.2186,15.6401,21.2,79,75,10.36
98,Alta Floresta,BR,2021-01-17 01:31:31,-9.8756,-56.0861,75.2,100,90,5.75
99,East London,ZA,2021-01-17 01:31:31,-33.0153,27.9116,69.22,69,20,18.81
100,Cefalu,IT,2021-01-17 01:31:31,38.0386,14.0229,46.99,61,85,1.99
101,Maldonado,UY,2021-01-17 01:31:31,-34.6667,-54.9167,72.0,94,75,4.61
102,Necochea,AR,2021-01-17 01:31:31,-38.5473,-58.7368,62.01,81,89,13.38
103,Bairiki,KI,2021-01-17 01:31:31,1.3292,172.9752,86.0,70,40,17.27
104,Gimry,RU,2021-01-17 01:31:31,42.7597,46.8396,37.4,100,90,2.24
105,Sola,VU,2021-01-17 01:31:32,-13.8833,167.55,89.6,74,75,6.91
106,Jalu,LY,2021-01-17 01:31:32,29.0331,21.5482,49.75,64,0,10.65
107,Gizo,SB,2021-01-17 01:31:32,-8.103,156.8419,85.82,68,64,8.46
108,Naze,JP,2021-01-17 01:31:32,28.3667,129.4833,59.0,58,75,18.41
109,Hualmay,PE,2021-01-17 01:31:05,-11.0964,-77.6139,70.72,83,100,5.12
110,Tual,ID,2021-01-17 01:31:32,-5.6667,132.75,79.18,92,100,23.24
111,Isangel,VU,2021-01-17 01:31:32,-19.55,169.2667,87.8,84,75,5.75
112,Upernavik,GL,2021-01-17 01:31:32,72.7868,-56.1549,9.77,82,0,7.0
113,Bowen,AU,2021-01-17 01:31:32,-20.0167,148.2333,84.2,74,40,13.8
114,Yellowknife,CA,2021-01-17 01:30:40,62.456,-114.3525,-5.01,84,90,8.05
115,Saint Anthony,US,2021-01-17 01:31:32,45.0205,-93.218,27.0,80,90,10.36
116,Aksehir,TR,2021-01-17 01:31:32,38.3575,31.4164,36.84,88,73,10.11
117,Ilhabela,BR,2021-01-17 01:31:32,-23.7781,-45.3581,77.63,82,100,4.0
118,Qarchak,IR,2021-01-17 01:31:32,35.4394,51.5689,46.4,34,0,4.61
119,The Valley,AI,2021-01-17 01:31:33,18.217,-63.0578,78.01,78,20,5.75
120,Tynda,RU,2021-01-17 01:31:33,55.1667,124.7167,-18.56,84,100,6.49
121,Vila Velha,BR,2021-01-17 01:31:33,-20.3297,-40.2925,77.0,83,0,4.61
122,Lorengau,PG,2021-01-17 01:31:33,-2.0226,147.2712,84.18,79,94,12.84
123,Mangrol,IN,2021-01-17 01:31:33,21.1167,70.1167,64.71,43,0,9.01
124,Bonthe,SL,2021-01-17 01:31:33,7.5264,-12.505,77.14,87,98,4.23
125,Hernani,ES,2021-01-17 01:31:33,43.2662,-1.9762,50.0,57,90,5.75
126,New Norfolk,AU,2021-01-17 01:31:33,-42.7826,147.0587,62.01,62,98,8.01
127,Cap Malheureux,MU,2021-01-17 01:31:33,-19.9842,57.6142,80.01,82,93,5.01
128,Chokurdakh,RU,2021-01-17 01:31:33,70.6333,147.9167,-17.81,88,100,12.28
129,Gigmoto,PH,2021-01-17 01:31:33,13.7796,124.39,80.98,82,71,12.06
130,Poronaysk,RU,2021-01-17 01:31:35,49.2167,143.1167,-3.24,84,0,6.62
131,Khorixas,NA,2021-01-17 01:31:35,-20.3667,14.9667,65.97,65,99,4.94
132,Vostok,RU,2021-01-17 01:31:35,46.4856,135.8833,-3.01,84,68,1.88
133,Luena,AO,2021-01-17 01:31:35,-11.7833,19.9167,62.24,97,100,4.07
134,Lagoa,PT,2021-01-17 01:31:35,39.05,-27.9833,61.16,97,100,18.7
135,Norman Wells,CA,2021-01-17 01:29:26,65.282,-126.8329,-5.8,84,20,4.61
136,Ternate,ID,2021-01-17 01:31:35,0.8,127.4,81.32,77,100,6.67
137,Barentu,ER,2021-01-17 01:31:35,15.1139,37.5928,54.61,87,68,1.48
138,Gombong,ID,2021-01-17 01:31:35,-7.6072,109.5142,64.0,61,94,1.57
139,Asyut,EG,2021-01-17 01:31:35,27.181,31.1837,48.2,76,0,1.43
140,Arlit,NE,2021-01-17 01:31:35,18.7369,7.3853,67.05,21,1,7.47
141,Port Keats,AU,2021-01-17 01:31:35,-14.25,129.55,91.69,58,100,9.95
142,Roma,US,2021-01-17 01:27:05,43.2128,-75.4557,35.6,69,90,14.97
143,Zhanakorgan,KZ,2021-01-17 01:31:35,43.9098,67.2495,30.45,92,0,3.91
144,Chifeng,CN,2021-01-17 01:31:35,42.2683,118.9636,2.61,84,0,10.78
145,Nizwa,OM,2021-01-17 01:31:36,22.9333,57.5333,51.87,67,0,0.45
146,Pokrovsk,UA,2021-01-17 01:31:36,48.282,37.1758,12.96,96,100,3.4
147,Poshekhonye,RU,2021-01-17 01:31:36,58.4993,39.1353,-11.92,89,33,5.73
148,Mecca,SA,2021-01-17 01:31:36,21.4267,39.8261,68.23,74,0,4.79
149,Kodiak,US,2021-01-17 01:31:36,57.79,-152.4072,37.4,93,1,7.34
150,Morant Bay,JM,2021-01-17 01:31:36,17.8815,-76.4093,82.4,74,75,3.44
151,Mlalo,TZ,2021-01-17 01:31:37,-4.9333,38.9333,71.67,93,12,5.86
152,Kahului,US,2021-01-17 01:27:30,20.8947,-156.47,86.0,48,40,9.22
153,Natitingou,BJ,2021-01-17 01:31:37,10.3042,1.3796,71.6,33,0,4.61
154,Midland,US,2021-01-17 01:31:27,31.9974,-102.0779,53.6,32,1,9.22
155,San Luis,AR,2021-01-17 01:31:37,-33.295,-66.3356,60.55,35,0,5.75
156,Richards Bay,ZA,2021-01-17 01:31:37,-28.783,32.0377,70.84,87,22,8.03
157,Bethel,US,2021-01-17 01:31:38,41.3712,-73.414,35.6,69,20,8.05
158,Vrangel,RU,2021-01-17 01:31:38,42.7297,133.0839,9.9,78,1,11.03
159,Rawson,AR,2021-01-17 01:31:38,-43.3002,-65.1023,58.75,59,0,14.83
160,North Bend,US,2021-01-17 01:31:38,43.4065,-124.2243,54.0,87,1,3.44
161,Rio De Jesus,PA,2021-01-17 01:31:38,7.9844,-81.1631,74.98,81,61,1.97
162,Lompoc,US,2021-01-17 01:29:56,34.6391,-120.4579,80.6,19,0,8.05
163,Katherine,AU,2021-01-17 01:31:38,-14.4667,132.2667,89.6,58,40,3.44
164,Taunggyi,MM,2021-01-17 01:31:38,20.7833,97.0333,57.13,62,3,1.43
165,Sideropolis,BR,2021-01-17 01:31:38,-28.5978,-49.4244,74.08,93,100,2.35
166,Mola Di Bari,IT,2021-01-17 01:31:38,41.0609,17.0873,43.0,48,58,4.0
167,Sabha,LY,2021-01-17 01:31:38,27.0377,14.4283,44.64,54,0,6.26
168,Mersing,MY,2021-01-17 01:31:38,2.4312,103.8405,80.6,78,20,10.36
169,Douentza,ML,2021-01-17 01:31:38,14.9951,-2.9517,63.54,23,94,6.49
170,Pangai,TO,2021-01-17 01:31:38,-19.8,-174.35,86.0,84,40,4.61
171,Medea,DZ,2021-01-17 01:31:39,36.2642,2.7539,42.8,93,20,5.75
172,Sitka,US,2021-01-17 01:26:43,57.0531,-135.33,46.4,66,90,24.16
173,Smidovich,RU,2021-01-17 01:31:39,48.6,133.8167,-6.18,88,100,6.4
174,Narsaq,GL,2021-01-17 01:31:39,60.9167,-46.05,19.4,49,75,4.61
175,Bay Roberts,CA,2021-01-17 01:31:39,47.5999,-53.2648,32.0,88,97,1.99
176,Namibe,AO,2021-01-17 01:31:39,-15.1961,12.1522,72.27,74,87,5.01
177,Arraial Do Cabo,BR,2021-01-17 01:31:39,-22.9661,-42.0278,75.61,84,0,27.45
178,Koson,UZ,2021-01-17 01:31:39,39.0375,65.585,35.6,87,0,4.61
179,Dikson,RU,2021-01-17 01:31:39,73.5069,80.5464,-29.69,81,3,10.49
180,Carrefour,HT,2021-01-17 01:31:39,18.5411,-72.3992,77.0,78,100,2.3
181,Abu Samrah,SY,2021-01-17 01:31:39,35.3029,37.1841,50.23,67,100,13.11
182,Fairbanks,US,2021-01-17 01:30:02,64.8378,-147.7164,14.0,84,1,3.62
183,Stornoway,GB,2021-01-17 01:31:39,58.2093,-6.3865,42.8,75,75,23.02
184,Kieta,PG,2021-01-17 01:31:39,-6.2167,155.6333,86.02,63,100,6.89
185,Colares,PT,2021-01-17 01:31:39,38.7992,-9.4469,48.0,74,0,4.09
186,Meulaboh,ID,2021-01-17 01:31:39,4.1363,96.1285,78.75,77,100,2.53
187,Lincoln,US,2021-01-17 01:31:40,40.8,-96.667,28.0,80,1,6.67
188,College,US,2021-01-17 01:31:40,64.8569,-147.8028,-5.8,84,75,3.44
189,Tefe,BR,2021-01-17 01:31:40,-3.3542,-64.7114,75.09,95,81,1.36
190,Bintulu,MY,2021-01-17 01:31:40,3.1667,113.0333,78.8,94,40,4.61
191,Chapais,CA,2021-01-17 01:31:40,49.7834,-74.8492,26.6,93,90,10.36
192,Araouane,ML,2021-01-17 01:31:40,18.9048,-3.5265,57.74,30,42,13.06
193,San Patricio,US,2021-01-17 01:31:40,28.017,-97.5169,53.6,54,1,9.22
194,Bambous Virieux,MU,2021-01-17 01:31:40,-20.3428,57.7575,80.01,83,40,10.36
195,Souillac,MU,2021-01-17 01:31:40,-20.5167,57.5167,78.8,83,40,10.36
196,Manzhouli,CN,2021-01-17 01:31:40,49.6,117.4333,-12.24,84,9,13.09
197,Buin,CL,2021-01-17 01:31:40,-33.7333,-70.75,75.2,29,0,12.66
198,Pevek,RU,2021-01-17 01:31:40,69.7008,170.3133,-20.9,84,37,2.51
199,Vestmanna,FO,2021-01-17 01:31:40,62.1564,-7.1664,41.0,100,75,12.66
200,Riohacha,CO,2021-01-17 01:31:40,11.5444,-72.9072,74.53,79,8,7.65
201,Deder,ET,2021-01-17 01:31:40,9.3167,41.45,50.58,48,0,5.46
202,Rodino,RU,2021-01-17 01:31:41,52.5,80.25,15.71,89,100,18.61
203,Geraldton,AU,2021-01-17 01:31:41,-28.7667,114.6,80.6,47,90,20.71
204,Kurilsk,RU,2021-01-17 01:31:41,45.2333,147.8833,19.15,94,99,19.24
205,Vanavara,RU,2021-01-17 01:31:41,60.34,102.2797,-44.18,78,3,3.44
206,Kruisfontein,ZA,2021-01-17 01:31:41,-34.0033,24.7314,66.0,80,1,3.0
207,Tungor,RU,2021-01-17 01:31:41,53.3808,142.9564,-13.61,87,15,14.09
208,Broome,US,2021-01-17 01:31:41,42.2506,-75.833,32.0,86,1,8.05
209,Dudinka,RU,2021-01-17 01:31:41,69.4058,86.1778,-26.9,74,34,7.36
210,Hobyo,SO,2021-01-17 01:31:41,5.3505,48.5268,76.05,79,41,16.17
211,Sinnamary,GF,2021-01-17 01:31:42,5.3833,-52.95,77.94,84,77,12.15
212,Tautira,PF,2021-01-17 01:31:42,-17.7333,-149.15,87.8,58,40,3.44
213,Tessalit,ML,2021-01-17 01:31:42,20.1986,1.0114,54.01,30,73,9.91
214,Chuy,UY,2021-01-17 01:31:42,-33.6971,-53.4616,69.49,89,77,9.62
215,Lalitpur,NP,2021-01-17 01:31:42,27.6667,85.3333,50.0,87,75,1.59
216,Provideniya,RU,2021-01-17 01:31:42,64.3833,-173.3,1.4,66,40,8.95
217,Shingu,JP,2021-01-17 01:31:42,33.7333,135.9833,46.4,46,75,19.57
218,Eureka,US,2021-01-17 01:31:42,40.8021,-124.1637,51.01,95,98,1.99
219,Nyurba,RU,2021-01-17 01:31:42,63.2842,118.3319,-46.25,77,82,6.02
220,Olafsvik,IS,2021-01-17 01:31:42,64.8945,-23.7142,36.16,95,100,18.34
221,Bredasdorp,ZA,2021-01-17 01:31:42,-34.5322,20.0403,59.0,88,0,4.61
222,Aranos,NA,2021-01-17 01:31:42,-24.1333,19.1167,71.64,46,99,8.25
223,Acapulco,MX,2021-01-17 01:31:43,16.8634,-99.8901,78.8,83,75,2.3
224,Jumla,NP,2021-01-17 01:31:43,29.2747,82.1838,42.22,45,0,4.43
225,Rexburg,US,2021-01-17 01:28:28,43.826,-111.7897,24.8,100,90,5.75
226,Alyangula,AU,2021-01-17 01:31:43,-13.8483,136.4192,80.6,89,75,11.5
227,Merauke,ID,2021-01-17 01:31:43,-8.4667,140.3333,88.61,63,30,4.52
228,Mizan Teferi,ET,2021-01-17 01:31:43,6.9833,35.5833,64.6,55,99,1.83
229,Sao Filipe,CV,2021-01-17 01:31:43,14.8961,-24.4956,71.46,75,100,12.06
230,Santiago Del Estero,AR,2021-01-17 01:31:43,-27.7951,-64.2615,72.0,84,85,1.01
231,Senanga,ZM,2021-01-17 01:31:43,-16.1167,23.2667,69.33,81,100,3.22
232,Oktyabrskoye,RU,2021-01-17 01:31:43,43.0645,44.7417,32.0,93,88,8.95
233,Ostrovnoy,RU,2021-01-17 01:31:43,68.0531,39.5131,30.06,98,100,5.06
234,Taoudenni,ML,2021-01-17 01:31:43,22.6783,-3.9836,56.28,32,94,15.1
235,Chaklasi,IN,2021-01-17 01:31:43,22.65,72.9333,64.4,82,0,3.44
236,Baykit,RU,2021-01-17 01:31:43,61.67,96.37,-28.77,79,100,3.74
237,Japura,ID,2021-01-17 01:31:44,-0.3167,102.35,79.07,86,100,3.71
238,Buala,SB,2021-01-17 01:31:44,-8.145,159.5921,86.85,59,88,7.09
239,Mayo,US,2021-01-17 01:31:44,38.8876,-76.5119,42.8,52,1,6.91
240,Nador,MA,2021-01-17 01:31:44,35.174,-2.9287,48.2,87,0,2.3
241,Ocos,GT,2021-01-17 01:31:44,14.5094,-92.1933,84.2,89,40,4.38
242,Belyy Yar,RU,2021-01-17 01:31:44,53.6039,91.3903,5.0,85,92,2.24
243,Sambava,MG,2021-01-17 01:31:44,-14.2667,50.1667,75.65,85,84,6.33
244,Pasni,PK,2021-01-17 01:31:44,25.2631,63.471,65.95,49,0,5.86
245,Maniitsoq,GL,2021-01-17 01:31:44,65.4167,-52.9,21.52,91,100,23.35
246,Jiwani,PK,2021-01-17 01:31:44,25.05,61.7417,66.16,65,0,2.44
247,Udon Thani,TH,2021-01-17 01:31:44,17.3333,102.8333,72.0,68,75,6.91
248,Cabedelo,BR,2021-01-17 01:31:44,-6.9811,-34.8339,77.0,83,20,8.05
249,Airai,TL,2021-01-17 01:31:44,-8.9266,125.4092,66.09,100,98,0.92
250,Nanakuli,US,2021-01-17 01:31:44,21.3906,-158.1547,82.4,57,1,10.36
251,Bandarbeyla,SO,2021-01-17 01:31:44,9.4942,50.8122,72.66,76,0,10.33
252,Harindanga,IN,2021-01-17 01:31:44,22.0383,88.3214,55.4,94,52,4.61
253,Westport,US,2021-01-17 01:31:45,41.1415,-73.3579,39.2,65,20,10.36
254,Gorontalo,ID,2021-01-17 01:30:29,0.5412,123.0595,84.42,65,100,2.57
255,Shieli,KZ,2021-01-17 01:31:45,44.1667,66.75,26.46,96,0,7.96
256,Saint-Francois,FR,2021-01-17 01:31:45,46.4154,3.9054,34.0,100,90,5.75
257,Humberto De Campos,BR,2021-01-17 01:31:45,-2.5983,-43.4611,76.8,87,100,3.76
258,Tiksi,RU,2021-01-17 01:31:45,71.6872,128.8694,-17.77,89,100,11.36
259,Rantepao,ID,2021-01-17 01:30:46,-2.9701,119.8978,75.07,81,100,1.43
260,Lebu,CL,2021-01-17 01:31:45,-37.6167,-73.65,57.45,83,0,18.41
261,Fortuna,US,2021-01-17 01:31:45,40.5982,-124.1573,51.01,100,90,8.05
262,Yarim,YE,2021-01-17 01:31:45,14.298,44.3779,44.56,54,0,1.7
263,Concordia,AR,2021-01-17 01:31:00,-31.393,-58.0209,75.99,87,59,7.0
264,Dunedin,NZ,2021-01-17 01:31:46,-45.8742,170.5036,70.34,48,27,6.2
265,Guerrero Negro,MX,2021-01-17 01:31:46,27.9769,-114.0611,64.81,46,0,10.4
266,Paamiut,GL,2021-01-17 01:30:35,61.994,-49.6678,25.66,97,100,23.15
267,Castelo Do Piaui,BR,2021-01-17 01:31:46,-5.3222,-41.5525,74.07,81,98,2.28
268,Mezhdurechensk,RU,2021-01-17 01:31:46,53.6942,88.0603,13.66,87,100,4.05
269,Codrington,AU,2021-01-17 01:31:46,-38.2667,141.9667,62.13,54,44,11.68
270,Mormugao,IN,2021-01-17 01:31:46,15.4,73.8,77.0,83,20,2.3
271,Saskylakh,RU,2021-01-17 01:31:46,71.9167,114.0833,-23.58,85,90,7.49
272,Ribeira Grande,PT,2021-01-17 01:31:46,38.5167,-28.7,62.67,93,100,26.62
273,Kaitangata,NZ,2021-01-17 01:31:46,-46.2817,169.8464,64.99,78,68,8.01
274,Celestun,MX,2021-01-17 01:31:46,20.8667,-90.4,66.13,68,8,10.36
275,La Baneza,ES,2021-01-17 01:31:46,42.3003,-5.8977,33.01,100,90,1.66
276,Tuatapere,NZ,2021-01-17 01:31:46,-46.1333,167.6833,61.12,75,100,6.62
277,Duarte,US,2021-01-17 01:31:47,34.1394,-117.9773,78.01,29,1,4.52
278,Avera,US,2021-01-17 01:31:00,33.194,-82.5271,37.4,60,1,8.7
279,Tirumullaivasal,IN,2021-01-17 01:31:47,11.2333,79.8333,73.13,78,29,4.9
280,Howard Springs,AU,2021-01-17 01:31:47,-12.497,131.047,93.0,70,75,5.75
281,Pacific Grove,US,2021-01-17 01:31:47,36.6177,-121.9166,59.0,88,1,3.91
282,Lenger,KZ,2021-01-17 01:31:47,42.183,69.8839,35.6,80,0,6.71
283,Diego De Almagro,CL,2021-01-17 01:31:47,-26.3667,-70.05,55.33,77,0,0.76
284,Duluth,US,2021-01-17 01:29:05,46.7833,-92.1066,30.2,80,90,10.36
285,Labrea,BR,2021-01-17 01:31:47,-7.2586,-64.7981,74.84,95,100,1.88
286,Korla,CN,2021-01-17 01:31:47,41.7597,86.1469,14.2,83,0,6.62
287,Hit,IQ,2021-01-17 01:31:47,33.6416,42.8251,52.34,62,0,5.46
288,Torbay,CA,2021-01-17 01:31:47,47.6666,-52.7314,34.0,93,90,18.41
289,Broken Hill,AU,2021-01-17 01:31:47,-31.95,141.4333,68.0,45,78,16.11
290,Noumea,NC,2021-01-17 01:31:47,-22.2763,166.4572,86.0,74,75,4.61
291,Cockburn Town,TC,2021-01-17 01:31:47,21.4612,-71.1419,77.0,83,75,1.14
292,Roura,GF,2021-01-17 01:31:47,4.7263,-52.3274,78.8,89,75,4.61
293,Ayan,RU,2021-01-17 01:31:48,56.45,138.1667,-14.15,75,0,7.18
294,Rivers,CA,2021-01-17 01:31:48,50.0308,-100.2403,17.6,86,20,11.5
295,Callaway,US,2021-01-17 01:31:48,30.153,-85.5699,46.99,61,1,5.75
296,Polunochnoye,RU,2021-01-17 01:31:48,60.8697,60.4153,-7.91,92,100,5.17
297,Iqaluit,CA,2021-01-17 01:30:12,63.7506,-68.5145,-4.0,77,75,4.61
298,Klaksvik,FO,2021-01-17 01:31:48,62.2266,-6.589,41.0,100,75,12.66
299,Kemijarvi,FI,2021-01-17 01:31:48,66.7131,27.4306,14.81,95,88,5.32
300,Phan Thiet,VN,2021-01-17 01:31:48,10.9333,108.1,76.23,68,67,4.79
301,Paso De Los Toros,UY,2021-01-17 01:31:48,-32.8167,-56.5167,74.66,73,80,7.36
302,Camacha,PT,2021-01-17 01:31:48,33.0833,-16.3333,59.0,82,40,10.36
303,Waingapu,ID,2021-01-17 01:31:48,-9.6567,120.2641,84.69,65,100,1.32
304,San Jose,US,2021-01-17 01:30:08,37.3394,-121.895,66.99,52,40,9.22
305,Rocha,UY,2021-01-17 01:30:37,-34.4833,-54.3333,66.65,94,86,6.49
306,Ocosingo,MX,2021-01-17 01:31:48,17.0667,-92.25,66.2,94,90,1.9
307,Aripuana,BR,2021-01-17 01:31:48,-9.1667,-60.6333,74.35,96,100,2.24
308,Ucluelet,CA,2021-01-17 01:31:49,48.9329,-125.5528,46.99,93,90,4.61
309,Clinton,US,2021-01-17 01:27:37,42.587,-82.9199,32.0,93,90,9.22
310,Bien Hoa,VN,2021-01-17 01:31:49,10.95,106.8167,75.2,69,96,5.75
311,Deputatskiy,RU,2021-01-17 01:31:49,69.3,139.9,-21.28,89,100,2.64
312,Carnarvon,AU,2021-01-17 01:31:49,-24.8667,113.6333,93.2,46,95,16.11
313,Savannah Bight,HN,2021-01-17 01:31:49,16.45,-85.85,75.2,94,75,3.44
314,Anadyr,RU,2021-01-17 01:31:49,64.75,177.4833,-7.01,77,0,4.47
315,Tasiilaq,GL,2021-01-17 01:31:50,65.6145,-37.6368,30.2,93,90,3.09
316,Shimoda,JP,2021-01-17 01:31:50,34.6667,138.95,50.0,62,75,9.22
317,Progreso,MX,2021-01-17 01:31:50,21.2833,-89.6667,66.2,63,90,4.61
318,Muros,ES,2021-01-17 01:31:50,42.7762,-9.0603,51.01,92,3,3.76
319,Otawara,JP,2021-01-17 01:31:50,36.8667,140.0333,42.01,64,75,5.75
320,Pangnirtung,CA,2021-01-17 01:31:50,66.1451,-65.7125,7.16,90,100,5.59
321,Talara,PE,2021-01-17 01:31:50,-4.5772,-81.2719,71.33,86,95,13.35
322,Sabang,ID,2021-01-17 01:31:50,5.8933,95.3214,80.98,81,100,17.38
323,Bireun,ID,2021-01-17 01:31:50,5.203,96.7009,76.46,88,100,5.14
324,Kolondieba,ML,2021-01-17 01:31:50,11.0882,-6.8926,67.37,23,98,6.29
325,Damietta,EG,2021-01-17 01:29:52,31.4165,31.8133,57.2,62,0,13.8
326,Coihaique,CL,2021-01-17 01:31:50,-45.5752,-72.0662,57.2,67,40,2.3
327,Glendive,US,2021-01-17 01:31:50,47.1053,-104.7125,36.0,44,1,23.02
328,Bengkulu,ID,2021-01-17 01:31:50,-3.8004,102.2655,82.11,61,100,2.93
329,Hambantota,LK,2021-01-17 01:31:51,6.1241,81.1185,73.4,100,75,5.75
330,San Quintin,MX,2021-01-17 01:31:51,30.4833,-115.95,63.64,44,0,1.57
331,Baltay,RU,2021-01-17 01:31:51,52.4652,46.6308,1.31,91,94,11.36
332,Zhigansk,RU,2021-01-17 01:31:51,66.7697,123.3711,-36.92,82,100,6.11
333,Limon,CR,2021-01-17 01:28:00,10.0,-83.0333,80.6,69,0,3.0
334,Pinawa,CA,2021-01-17 01:31:51,50.1489,-95.8811,9.45,96,29,3.29
335,Calatayud,ES,2021-01-17 01:31:51,41.3535,-1.6432,46.4,70,0,3.44
336,Lubao,PH,2021-01-17 01:31:51,14.9167,120.55,80.6,69,75,6.91
337,Nekhayevskiy,RU,2021-01-17 01:31:51,50.4106,41.7561,3.99,77,7,5.01
338,Cayenne,GF,2021-01-17 01:31:51,4.9333,-52.3333,78.8,89,75,4.61
339,Shitkino,RU,2021-01-17 01:31:51,56.3703,98.3543,0.39,92,100,6.55
340,Kalmunai,LK,2021-01-17 01:31:51,7.4167,81.8167,76.06,87,55,7.56
341,Tsogni,GA,2021-01-17 01:31:51,-2.7942,10.0988,76.46,87,60,5.32
342,Teluk Nibung,ID,2021-01-17 01:31:52,3.001,99.8164,78.58,90,100,3.69
343,Benghazi,LY,2021-01-17 01:31:52,32.1167,20.0667,56.8,68,100,13.47
344,Launceston,AU,2021-01-17 01:31:24,-41.45,147.1667,63.0,45,72,19.57
345,Kadnikov,RU,2021-01-17 01:31:52,59.5022,40.338,-12.12,90,60,5.66
346,Gbarnga,LR,2021-01-17 01:31:52,6.9956,-9.4722,69.37,98,99,1.7
347,Atambua,ID,2021-01-17 01:31:52,-9.1061,124.8925,78.62,82,95,2.51
348,Adrar,MR,2021-01-17 01:31:52,20.5022,-10.0711,57.88,28,100,11.54
349,Anchorage,US,2021-01-17 01:30:02,61.2181,-149.9003,32.0,74,90,3.44
350,Slave Lake,CA,2021-01-17 01:31:52,55.2834,-114.769,32.0,64,1,10.36
351,Santa Ana Arriba,DO,2021-01-17 01:31:52,19.3,-70.35,77.0,88,40,2.73
352,Bushtyno,UA,2021-01-17 01:31:52,48.0512,23.4858,19.0,93,90,4.61
353,Zhob,PK,2021-01-17 01:31:52,31.3411,69.4481,44.73,44,0,2.48
354,Bastrop,US,2021-01-17 01:28:30,32.7562,-91.8724,42.01,70,1,3.44
355,Rio Negro,BR,2021-01-17 01:31:52,-26.1058,-49.7975,66.0,93,100,11.01
356,Mchinji,MW,2021-01-17 01:31:52,-13.7984,32.8802,63.32,93,93,3.11
357,Samfya,ZM,2021-01-17 01:31:53,-11.3649,29.5565,64.33,93,100,5.5
358,Port Lincoln,AU,2021-01-17 01:31:53,-34.7333,135.8667,66.54,64,90,11.54
359,Aykhal,RU,2021-01-17 01:31:53,66.0,111.5,-35.46,81,100,5.26
360,Doha,QA,2021-01-17 01:31:53,25.2867,51.5333,64.4,88,0,2.3
361,Brigantine,US,2021-01-17 01:31:53,39.4101,-74.3646,41.0,60,20,11.5
362,Yar-Sale,RU,2021-01-17 01:31:53,66.8333,70.8333,-7.08,91,100,11.07
363,Abashiri,JP,2021-01-17 01:31:53,44.0213,144.2697,19.4,68,40,1.14
364,Salcininkai,LT,2021-01-17 01:31:53,54.3,25.3833,-2.0,84,20,5.75
365,Serdobsk,RU,2021-01-17 01:31:53,52.4586,44.2169,0.21,93,100,11.81
366,Riyadh,SA,2021-01-17 01:31:53,24.6877,46.7219,59.0,47,0,3.44
367,Beliator,IN,2021-01-17 01:31:53,23.3333,87.2167,51.8,93,90,1.34
368,Tezu,IN,2021-01-17 01:31:53,27.9167,96.1667,66.92,40,5,0.92
369,Tshane,BW,2021-01-17 01:31:53,-24.0196,21.8684,72.63,32,95,9.57
370,Portoferraio,IT,2021-01-17 01:31:53,42.8115,10.3146,36.0,56,94,8.3
371,Bose,IT,2021-01-17 01:31:54,45.4612,8.0137,32.0,88,48,0.83
372,Karpathos,GR,2021-01-17 01:31:54,35.507,27.2132,51.8,82,100,11.5
373,Misratah,LY,2021-01-17 01:31:54,32.3754,15.0925,55.06,71,0,17.65
374,Conde,BR,2021-01-17 01:31:54,-7.2597,-34.9075,77.0,83,20,8.05
375,Areia Branca,BR,2021-01-17 01:31:54,-4.9561,-37.1369,78.96,67,54,19.46
376,Honiara,SB,2021-01-17 01:30:24,-9.4333,159.95,86.27,65,80,3.71
377,Summerville,US,2021-01-17 01:31:34,33.0185,-80.1757,42.01,60,40,4.61
378,Mitsamiouli,KM,2021-01-17 01:31:54,-11.3847,43.2844,81.12,77,57,9.01
379,Galesti,RO,2021-01-17 01:31:54,46.5167,24.75,16.0,86,75,1.14
380,Tambacounda,SN,2021-01-17 01:31:54,13.7539,-13.7586,77.0,12,0,4.61
381,Dicabisagan,PH,2021-01-17 01:31:54,17.0818,122.4157,74.73,86,100,11.95
382,Ambulu,ID,2021-01-17 01:31:54,-8.345,113.6058,82.02,69,100,0.18
383,Panama City,PA,2021-01-17 01:31:41,8.9936,-79.5197,78.8,78,90,4.61
384,Ximei,CN,2021-01-17 01:31:54,24.9639,118.3794,55.4,44,0,20.13
385,Berkak,NO,2021-01-17 01:31:54,62.825,10.0118,12.29,83,0,12.44
386,Champerico,GT,2021-01-17 01:31:54,14.3,-91.9167,84.2,65,75,6.91
387,Price,US,2021-01-17 01:31:54,39.5994,-110.8107,37.4,48,1,10.36
388,Bone,DE,2021-01-17 01:31:55,51.9669,12.1396,26.01,92,100,2.51
389,Daurala,IN,2021-01-17 01:31:55,29.1167,77.6833,47.08,62,0,3.71
390,Coos Bay,US,2021-01-17 01:31:55,43.3665,-124.2179,54.0,87,1,3.44
391,Zolotukhino,RU,2021-01-17 01:31:55,52.0842,36.3772,-0.99,83,100,11.01
392,Pisco,PE,2021-01-17 01:31:55,-13.7,-76.2167,69.8,78,0,18.41
393,Lavrentiya,RU,2021-01-17 01:31:55,65.5833,-171.0,-11.04,85,87,9.95
394,Catia La Mar,VE,2021-01-17 01:31:55,10.6038,-67.0303,78.8,89,40,3.44
395,Schitu,RO,2021-01-17 01:31:55,44.35,24.5667,26.01,80,75,2.3
396,Gaomi,CN,2021-01-17 01:31:55,36.3833,119.7528,32.0,69,0,2.24
397,Bac Lieu,VN,2021-01-17 01:31:56,9.285,105.7244,78.15,68,96,14.79
398,Taltal,CL,2021-01-17 01:30:20,-25.4,-70.4833,63.99,75,1,3.04
399,Wagar,SD,2021-01-17 01:31:56,16.1525,36.2032,65.07,86,8,11.3
400,Kjollefjord,NO,2021-01-17 01:31:56,70.9457,27.3465,35.78,84,98,14.16
401,Egvekinot,RU,2021-01-17 01:31:56,66.3167,-179.1667,-15.41,86,100,14.29
402,Flinders,AU,2021-01-17 01:27:16,-34.5833,150.8552,81.0,43,40,5.75
403,Asau,RO,2021-01-17 01:31:56,46.4333,26.4,5.0,92,0,6.91
404,Tahoua,NE,2021-01-17 01:31:56,14.8888,5.2692,71.6,21,0,4.61
405,Taperoa,BR,2021-01-17 01:31:56,-7.2075,-36.8267,72.37,68,75,16.04
406,Iquitos,PE,2021-01-17 01:29:36,-3.7481,-73.2472,77.0,88,75,4.61
407,Nome,US,2021-01-17 01:31:56,64.5011,-165.4064,12.2,67,90,6.91
408,Belgrade,RS,2021-01-17 01:31:56,44.804,20.4651,24.8,93,40,9.22
409,Madison,US,2021-01-17 01:31:56,34.7334,-86.5667,39.99,60,90,5.14
410,Awjilah,LY,2021-01-17 01:31:56,29.1081,21.2869,50.0,60,0,11.12
411,Ascension,US,2021-01-17 01:31:56,30.2169,-90.9001,44.6,57,1,2.71
412,Praia,CV,2021-01-17 01:31:56,14.9215,-23.5087,69.8,78,40,18.41
413,Saint-Georges,GD,2021-01-17 01:31:56,12.0564,-61.7485,75.2,94,20,6.91
414,George Town,MY,2021-01-17 01:31:27,5.4112,100.3354,81.0,83,20,2.3
415,Prince Rupert,CA,2021-01-17 01:31:57,54.3161,-130.3201,44.6,81,90,23.02
416,Ixtapa,MX,2021-01-17 01:31:57,20.7,-105.2,69.8,88,90,3.44
417,Baghdad,IQ,2021-01-17 01:31:57,33.3406,44.4009,51.8,82,2,2.3
418,Along,IN,2021-01-17 01:31:57,28.1667,94.7667,57.94,65,1,0.78
419,Vikarabad,IN,2021-01-17 01:31:57,17.3333,77.9,64.4,94,20,3.44
420,Wajid,SO,2021-01-17 01:31:57,3.8093,43.2471,70.47,75,0,13.98
421,Esperance,AU,2021-01-17 01:31:57,-33.8667,121.9,68.0,45,40,11.5
422,Skjervoy,NO,2021-01-17 01:31:57,70.0311,20.9714,36.41,95,100,16.55
423,Talnakh,RU,2021-01-17 01:31:57,69.4865,88.3972,-25.71,68,0,6.91
424,Nizhniy Baskunchak,RU,2021-01-17 01:31:57,48.2198,46.8311,14.83,94,79,4.97
425,Luganville,VU,2021-01-17 01:31:57,-15.5333,167.1667,84.52,68,86,6.46
426,Balykshi,KZ,2021-01-17 01:31:57,47.0667,51.8667,24.8,100,90,2.24
427,Cuamba,MZ,2021-01-17 01:31:57,-14.8031,36.5372,70.61,95,87,2.01
428,Huron,US,2021-01-17 01:31:58,41.1501,-82.5499,30.99,86,94,9.84
429,Khuzdar,PK,2021-01-17 01:31:17,27.7384,66.6434,47.84,37,0,3.83
430,Qiongshan,CN,2021-01-17 01:31:58,20.0058,110.3542,66.2,82,75,13.42
431,Limpapa,PH,2021-01-17 01:31:58,7.1197,121.9106,80.6,89,90,1.14
432,Port Blair,IN,2021-01-17 01:31:58,11.6667,92.75,80.49,67,0,11.65
433,Mashivka,UA,2021-01-17 01:31:58,49.4431,34.8669,0.32,92,0,4.12
434,Turkistan,KZ,2021-01-17 01:31:58,43.0,68.0,30.29,95,0,2.75
435,Port Macquarie,AU,2021-01-17 01:28:55,-31.4333,152.9167,84.0,31,22,1.99
436,Zyryanka,RU,2021-01-17 01:31:58,65.75,150.85,-27.29,85,100,2.95
437,Ust-Koksa,RU,2021-01-17 01:31:58,50.2696,85.6108,17.55,70,100,1.41
438,Itarema,BR,2021-01-17 01:31:59,-2.9248,-39.9167,78.21,84,9,11.1
439,Zurrieq,MT,2021-01-17 01:31:59,35.8311,14.4742,48.99,93,75,6.91
440,Salalah,OM,2021-01-17 01:31:59,17.0151,54.0924,66.2,24,0,6.91
441,Luwuk,ID,2021-01-17 01:31:59,-0.9516,122.7875,83.37,66,100,1.01
442,Kinablangan,PH,2021-01-17 01:31:59,7.6947,126.5503,77.38,88,100,9.26
443,Kirakira,SB,2021-01-17 01:31:59,-10.4544,161.9205,86.29,65,86,7.0
444,Baglan,AF,2021-01-17 01:31:59,36.1307,68.7083,39.74,60,61,1.81
445,Edd,ER,2021-01-17 01:31:59,13.9297,41.6925,74.05,55,7,4.45
446,Rio Gallegos,AR,2021-01-17 01:31:59,-51.6226,-69.2181,59.0,82,40,13.8
447,Pangody,RU,2021-01-17 01:31:59,65.85,74.4859,-7.92,90,100,14.9
448,Ahipara,NZ,2021-01-17 01:31:59,-35.1667,173.1667,73.11,75,100,14.18
449,Leh,IN,2021-01-17 01:31:59,34.1667,77.5833,8.49,52,0,1.9
450,Tuy Hoa,VN,2021-01-17 01:31:25,13.0833,109.3,72.57,82,60,14.14
451,Turukhansk,RU,2021-01-17 01:31:59,65.8167,87.9833,-21.62,81,100,14.85
452,Dingle,PH,2021-01-17 01:31:59,10.9995,122.6711,80.67,84,100,14.0
453,Deyang,CN,2021-01-17 01:32:00,31.1302,104.382,42.01,1,51,9.15
454,Longkou,CN,2021-01-17 01:32:00,37.6508,120.3286,28.13,83,0,16.17
455,Kastamonu,TR,2021-01-17 01:32:00,41.5,33.6667,26.4,97,98,5.93
456,Wanning,CN,2021-01-17 01:32:00,18.8003,110.3967,68.59,78,75,18.1
457,Palasa,IN,2021-01-17 01:32:00,18.7667,84.4167,70.16,80,0,3.27
458,Magnitka,RU,2021-01-17 01:32:00,55.3475,59.6961,10.94,92,71,7.43
459,Cap-Aux-Meules,CA,2021-01-17 01:32:00,47.3821,-61.8597,33.8,86,100,14.97
460,Petatlan,MX,2021-01-17 01:32:00,17.5167,-101.2667,74.86,83,97,1.43
461,Manjacaze,MZ,2021-01-17 01:32:00,-24.7117,33.8828,77.47,92,100,7.7
462,Temir,KZ,2021-01-17 01:32:00,49.1414,57.13,11.61,96,11,9.64
463,Hirara,JP,2021-01-17 01:32:00,24.8,125.2833,60.8,77,75,19.57
464,Margate,GB,2021-01-17 01:32:00,51.3813,1.3862,44.01,82,100,5.99
465,Novikovo,RU,2021-01-17 01:32:00,51.1537,37.8879,-2.58,91,0,6.91
466,Charters Towers,AU,2021-01-17 01:32:00,-20.1,146.2667,87.57,41,100,13.49
467,Nouakchott,MR,2021-01-17 01:32:00,18.0858,-15.9785,66.2,9,100,8.05
468,Belleville,CA,2021-01-17 01:27:56,44.1788,-77.3705,35.6,80,90,12.66
469,Swan Hill,AU,2021-01-17 01:32:01,-35.3378,143.5544,74.41,26,0,10.38
470,Mogadishu,SO,2021-01-17 01:32:01,2.0371,45.3438,75.97,86,0,18.43
471,Cabo San Lucas,MX,2021-01-17 01:30:25,22.8909,-109.9124,75.2,33,1,5.75
472,Orlik,RU,2021-01-17 01:32:01,52.5178,99.825,-3.57,83,99,3.38
473,Kushima,JP,2021-01-17 01:32:01,31.4583,131.2333,48.2,49,20,19.57
474,Penzance,GB,2021-01-17 01:27:11,50.1186,-5.5371,45.0,70,75,11.5
475,Monrovia,LR,2021-01-17 01:32:01,6.3005,-10.7969,75.2,94,52,5.21
476,Vao,NC,2021-01-17 01:32:01,-22.6667,167.4833,78.24,86,100,11.5
477,Kiama,AU,2021-01-17 01:32:01,-34.6833,150.8667,73.4,43,40,5.75
478,Santa Rosa,PH,2021-01-17 01:29:51,14.3122,121.1114,81.0,65,75,1.14
479,Sao Felix Do Xingu,BR,2021-01-17 01:32:02,-6.6447,-51.995,70.9,94,100,1.61
480,Grand Gaube,MU,2021-01-17 01:32:02,-20.0064,57.6608,80.01,82,90,5.01
481,Lokoja,NG,2021-01-17 01:32:02,7.8024,6.743,77.52,53,37,3.91
482,Tabou,CI,2021-01-17 01:32:02,4.423,-7.3528,77.85,85,0,6.73
483,Ape,LV,2021-01-17 01:32:02,57.5393,26.6929,-0.02,93,76,3.49
484,Ewa Beach,US,2021-01-17 01:32:03,21.3156,-158.0072,82.4,57,1,10.36
485,Huarmey,PE,2021-01-17 01:32:03,-10.0681,-78.1522,71.11,82,100,5.91
486,Bousse,BF,2021-01-17 01:32:03,12.6606,-1.8922,73.4,23,0,3.44
487,Zhezkazgan,KZ,2021-01-17 01:32:03,47.8043,67.7144,10.85,95,0,1.83
488,Yeppoon,AU,2021-01-17 01:32:03,-23.1333,150.7333,87.8,51,40,8.05
489,Severo-Kurilsk,RU,2021-01-17 01:32:03,50.6789,156.125,33.71,92,100,6.71
490,Qaqortoq,GL,2021-01-17 01:32:03,60.7167,-46.0333,19.4,49,75,4.61
491,Hailar,CN,2021-01-17 01:32:03,49.2,119.7,-7.71,90,100,4.05
492,Yevpatoriya,UA,2021-01-17 01:32:03,45.1972,33.3558,28.0,78,100,5.01
493,Sur,OM,2021-01-17 01:32:03,22.5667,59.5289,64.94,65,0,4.18
494,Duldurga,RU,2021-01-17 01:32:03,50.6761,113.5931,-10.26,77,31,10.54
495,Abu Kamal,SY,2021-01-17 01:32:03,34.4506,40.9171,51.19,60,0,6.93
496,Yumen,CN,2021-01-17 01:32:04,40.2833,97.2,20.62,68,0,26.19
497,Mount Gambier,AU,2021-01-17 01:32:04,-37.8333,140.7667,66.2,45,40,4.61
498,Khromtau,KZ,2021-01-17 01:32:04,50.2503,58.4347,11.5,95,0,16.06
499,Kamenka,RU,2021-01-17 01:32:04,51.3223,42.7678,-3.26,93,97,9.26
500,Kamakhyanagar,IN,2021-01-17 01:32:04,20.9333,85.55,61.75,83,2,1.9
501,Katsuura,JP,2021-01-17 01:32:04,35.1333,140.3,46.99,53,100,4.0
502,Mangaratiba,BR,2021-01-17 01:32:04,-22.9597,-44.0406,77.0,78,0,6.91
503,Villazon,BO,2021-01-17 01:32:04,-22.0866,-65.5942,56.08,58,100,0.43
504,Caravelas,BR,2021-01-17 01:32:04,-17.7125,-39.2481,75.09,86,100,6.4
505,Fukue,JP,2021-01-17 01:32:04,32.6881,128.8419,39.2,65,75,17.27
506,Komsomolskiy,UZ,2021-01-17 01:32:04,40.4272,71.7189,30.2,74,0,4.61
507,Vanimo,PG,2021-01-17 01:32:04,-2.6741,141.3028,86.97,62,100,7.16
508,Tyumentsevo,RU,2021-01-17 01:32:05,53.3224,81.498,16.18,90,100,16.28
509,Lasa,IT,2021-01-17 01:32:05,46.6166,10.7002,24.01,73,0,8.05
510,Goundam,ML,2021-01-17 01:32:05,16.4145,-3.6708,63.57,20,100,13.42
511,Chimbote,PE,2021-01-17 01:30:12,-9.0853,-78.5783,71.51,80,100,6.8
512,Pilar,BR,2021-01-17 01:31:01,-9.5972,-35.9567,75.2,88,75,11.5
513,Chinsali,ZM,2021-01-17 01:32:05,-10.5414,32.0816,61.63,97,100,2.95
514,Honningsvag,NO,2021-01-17 01:32:05,70.9821,25.9704,37.49,78,95,16.8
515,Springbok,ZA,2021-01-17 01:32:05,-29.6643,17.8865,55.62,75,0,2.01
516,Ambovombe,MG,2021-01-17 01:32:05,-25.1667,46.0833,75.16,67,0,3.67
517,Urusha,RU,2021-01-17 01:32:05,54.05,122.9,-15.34,85,100,4.36
518,Merritt Island,US,2021-01-17 01:32:05,28.5392,-80.672,55.4,62,1,8.05
519,Ampanihy,MG,2021-01-17 01:32:05,-24.7,44.75,74.71,75,5,1.61
520,Nichinan,JP,2021-01-17 01:32:05,31.6,131.3667,48.2,49,20,19.57
521,Aswan,EG,2021-01-17 01:32:05,24.0934,32.907,53.46,49,0,6.15
522,Ardahan,TR,2021-01-17 01:32:06,41.1087,42.7022,21.0,94,100,5.53
523,Takoradi,GH,2021-01-17 01:32:06,4.8845,-1.7554,78.58,86,63,5.84
524,Grindavik,IS,2021-01-17 01:32:06,63.8424,-22.4338,35.6,93,75,19.57
525,Beloomut,RU,2021-01-17 01:32:06,54.9448,39.3394,-2.0,79,100,4.0
526,Dao,PH,2021-01-17 01:32:06,11.3937,122.6856,79.52,88,100,10.25
527,Voloshka,RU,2021-01-17 01:32:06,61.3314,40.0858,-11.85,88,54,3.91
528,Agdam,AZ,2021-01-17 01:32:06,39.991,46.9274,39.09,82,100,0.54
529,Kyabram,AU,2021-01-17 01:32:06,-36.3167,145.05,75.0,30,0,1.01
530,Krapkowice,PL,2021-01-17 01:32:06,50.4752,17.9654,24.01,92,100,5.99
531,Nanortalik,GL,2021-01-17 01:32:06,60.1432,-45.2371,24.24,94,100,3.6
532,Boyolangu,ID,2021-01-17 01:32:06,-8.1181,111.8935,83.35,63,99,1.77
533,Young,UY,2021-01-17 01:32:06,-32.6833,-57.6333,75.99,77,61,4.0
534,Hurricane,US,2021-01-17 01:32:06,37.1753,-113.2899,57.2,39,1,5.75
535,Pumiao,CN,2021-01-17 01:32:06,22.75,108.4833,57.2,47,0,15.66
536,Banda Aceh,ID,2021-01-17 01:32:06,5.5577,95.3222,79.83,80,100,10.45
537,Mayor Pablo Lagerenza,PY,2021-01-17 01:32:07,-19.9309,-60.7718,80.65,70,100,7.25
538,Tamandare,BR,2021-01-17 01:32:07,-8.7597,-35.1047,76.93,82,21,8.81
539,Motygino,RU,2021-01-17 01:32:07,58.1831,94.7592,-7.91,89,100,6.67
540,Priargunsk,RU,2021-01-17 01:32:07,50.3691,119.1012,-19.1,83,92,4.7
541,Grand Forks,US,2021-01-17 01:32:07,47.9417,-97.4337,19.4,100,20,6.91
542,Nassjo,SE,2021-01-17 01:32:07,57.6531,14.6968,21.2,100,90,3.42
543,Urucara,BR,2021-01-17 01:32:07,-2.5364,-57.76,76.91,79,1,0.74
544,Rafraf,TN,2021-01-17 01:32:07,37.1904,10.1837,48.2,81,40,5.75
545,Vestmannaeyjar,IS,2021-01-17 01:32:07,63.4427,-20.2734,39.97,72,100,30.0
546,Ranong,TH,2021-01-17 01:32:07,9.9658,98.6348,80.6,69,40,8.05
547,Gilbues,BR,2021-01-17 01:32:07,-9.8317,-45.3439,73.85,83,58,1.32
548,Porbandar,IN,2021-01-17 01:32:07,21.6422,69.6093,63.41,47,0,6.58
549,Norsup,VU,2021-01-17 01:32:07,-16.0667,167.3833,82.11,72,100,4.14
550,Sunrise Manor,US,2021-01-17 01:32:08,36.2111,-115.0731,69.8,16,1,8.05
551,Kalaleh,IR,2021-01-17 01:32:08,37.3807,55.4916,46.4,93,0,4.03
552,Makakilo City,US,2021-01-17 01:32:08,21.3469,-158.0858,82.4,57,1,10.36
